"id";"SP";"Damage";"EffectPotency";"Recharge"
1;0;100;"10%";"6"
2;480;120;"20%";"6"
3;2160;140;"30%";"6"
4;4800;160;"40%";"6"
5;12000;180;"50%";"6"
6;0;192;"50%";"6"
7;0;170;"100%";"7"
8;360;200;"100%";"7"
9;1620;230;"120%";"6"
10;3600;260;"120%";"6"
11;9000;290;"150%";"5"
12;0;336;"150%";"4"
13;0;200;"50%";"8"
14;440;240;"50%";"8"
15;1980;280;"60%";"7"
16;4400;320;"60%";"7"
17;11000;360;"75%";"6"
18;0;400;"75%";"5"
19;0;330;"20%";"11"
20;320;370;"20%";"11"
21;1440;410;"25%";"10"
22;3200;450;"25%";"10"
23;8000;490;"30%";"9"
24;0;545;"30%";"8"
25;0;170;"10%";"8"
26;310;200;"20%";"8"
27;1390;230;"30%";"7"
28;3080;260;"40%";"7"
29;7700;290;"50%";"6"
30;0;336;"50%";"5"
31;0;231;"";"14"
32;340;250;"";"14"
33;1510;270;"";"13"
34;3360;290;"";"13"
35;8400;310;"";"12"
36;0;341;"";"11"
37;0;250;"";"10"
38;220;300;"";"10"
39;1010;350;"";"9"
40;2240;400;"";"9"
41;5600;450;"";"8"
42;0;500;"";"7"
43;0;300;"50%";"11"
44;250;340;"50%";"11"
45;1130;380;"70%";"10"
46;2520;420;"70%";"10"
47;6300;460;"100%";"9"
48;0;500;"100%";"8"
49;0;200;"50%";"8"
50;480;240;"50%";"8"
51;2180;280;"60%";"7"
52;4840;320;"60%";"7"
53;12100;360;"75%";"6"
54;0;400;"75%";"5"
55;0;100;"10%";"11"
56;530;130;"20%";"11"
57;2380;160;"30%";"10"
58;5280;190;"40%";"10"
59;13200;220;"50%";"9"
60;0;240;"50%";"8"
61;0;240;"50%";"8"
62;350;290;"50%";"8"
63;1580;340;"70%";"7"
64;3520;390;"70%";"7"
65;8800;440;"100%";"6"
66;0;500;"100%";"5"
67;0;300;"";"14"
68;400;340;"";"14"
69;1780;380;"";"13"
70;3960;420;"";"13"
71;9900;460;"";"12"
72;0;500;"";"11"
73;0;300;"50%";"14"
74;430;340;"50%";"14"
75;1940;380;"60%";"13"
76;4320;420;"60%";"13"
77;10800;460;"75%";"12"
78;0;500;"75%";"11"
79;0;200;"";"10"
80;530;240;"";"10"
81;2380;280;"";"9"
82;5280;320;"";"9"
83;13200;360;"";"8"
84;0;400;"";"7"
85;0;180;"100%";"11"
86;580;210;"100%";"11"
87;2590;240;"120%";"10"
88;5760;270;"120%";"10"
89;14400;300;"150%";"9"
90;0;350;"150%";"8"
91;0;120;"50%";"8"
92;380;140;"50%";"8"
93;1730;160;"70%";"7"
94;3840;180;"70%";"7"
95;9600;200;"100%";"6"
96;0;240;"100%";"5"
97;0;300;"";"8"
98;470;340;"";"8"
99;2110;380;"";"7"
100;4680;420;"";"7"
101;11700;460;"";"6"
102;0;500;"";"5"
103;0;300;"";"9"
104;620;340;"";"9"
105;2810;380;"";"8"
106;6240;420;"";"8"
107;15600;460;"";"7"
108;0;500;"";"6"
109;0;420;"100%";"11"
110;570;450;"100%";"11"
111;2570;480;"120%";"10"
112;5720;510;"120%";"10"
113;14300;540;"150%";"9"
114;0;558;"150%";"8"
115;0;360;"25%";"7"
116;420;410;"25%";"7"
117;1870;460;"35%";"6"
118;4160;510;"35%";"6"
119;10400;560;"50%";"5"
120;0;600;"50%";"4"
121;0;200;"100%";"11"
122;360;240;"100%";"11"
123;1620;280;"120%";"10"
124;3600;320;"120%";"10"
125;9000;360;"150%";"9"
126;0;400;"150%";"8"
127;0;300;"";"14"
128;440;340;"";"14"
129;1980;380;"";"13"
130;4400;420;"";"13"
131;11000;460;"";"12"
132;0;500;"";"11"
133;0;250;"";"12"
134;480;300;"";"12"
135;2160;350;"";"11"
136;4800;400;"";"11"
137;12000;450;"";"10"
138;0;500;"";"9"
139;0;150;"50%";"8"
140;320;180;"50%";"8"
141;1440;210;"70%";"7"
142;3200;240;"70%";"7"
143;8000;270;"100%";"6"
144;0;288;"100%";"5"
145;0;360;"100%";"8"
146;360;410;"100%";"8"
147;1620;460;"120%";"8"
148;3600;510;"120%";"7"
149;9000;560;"150%";"7"
150;0;600;"150%";"7"
151;0;144;"25%";"6"
152;320;170;"25%";"6"
153;1440;200;"35%";"6"
154;3200;230;"35%";"5"
155;8000;260;"50%";"5"
156;0;288;"50%";"5"
157;0;220;"";"8"
158;480;260;"";"8"
159;2160;300;"";"8"
160;4800;340;"";"7"
161;12000;380;"";"7"
162;0;440;"";"7"
163;0;240;"50%";"7"
164;440;290;"50%";"7"
165;1980;340;"75%";"7"
166;4400;390;"75%";"6"
167;11000;440;"100%";"6"
168;0;480;"100%";"6"
169;0;160;"60%";"9"
170;440;190;"60%";"9"
171;1460;220;"60%";"8"
172;3240;250;"60%";"8"
173;8100;280;"75%";"7"
174;0;320;"75%";"6"
175;0;200;"50%";"14"
176;-1;240;"50%";"14"
177;1940;280;"60%";"13"
178;4320;320;"60%";"13"
179;10800;360;"75%";"12"
180;0;400;"75%";"11"
181;0;150;"20%";"10"
182;400;170;"20%";"10"
183;1780;190;"25%";"9"
184;3960;210;"25%";"9"
185;9900;230;"30%";"8"
186;0;240;"30%";"7"
187;0;300;"25%";"13"
188;290;340;"25%";"13"
189;1300;380;"35%";"12"
190;2880;420;"35%";"12"
191;7200;460;"50%";"11"
192;0;500;"50%";"10"
193;0;108;"100%";"8"
194;400;130;"100%";"8"
195;1780;150;"120%";"7"
196;3960;170;"120%";"7"
197;9900;190;"150%";"6"
198;0;216;"150%";"5"
199;0;220;"50%";"11"
200;350;260;"50%";"11"
201;1580;300;"70%";"10"
202;3520;340;"70%";"10"
203;8800;380;"100%";"9"
204;0;440;"100%";"8"
205;0;300;"";"12"
206;530;340;"";"12"
207;2380;380;"";"11"
208;5280;420;"";"11"
209;13200;460;"";"10"
210;0;500;"";"9"
211;0;180;"50%";"11"
212;480;220;"50%";"11"
213;2180;260;"70%";"10"
214;4840;300;"70%";"10"
215;12100;340;"100%";"9"
216;-1;-1;"-1";"-1"
217;0;9;"";"14"
218;360;9;"";"14"
219;1620;12;"";"13"
220;3600;12;"";"13"
221;9000;12;"";"12"
222;0;-1;"";"-1"
223;0;120;"50%";"8"
224;320;140;"50%";"8"
225;1440;160;"70%";"7"
226;3200;180;"70%";"7"
227;8000;200;"100%";"6"
228;0;240;"100%";"5"
229;0;160;"50%";"11"
230;480;190;"50%";"11"
231;2160;220;"70%";"10"
232;4800;250;"70%";"10"
233;12000;280;"100%";"9"
234;0;-1;"-1";"-1"
235;0;270;"100%";"12"
236;440;310;"100%";"12"
237;1980;350;"120%";"11"
238;4400;390;"120%";"11"
239;11000;430;"150%";"10"
240;0;-1;"-1";"-1"
241;0;200;"";"14"
242;580;240;"";"14"
243;2590;280;"";"13"
244;5760;320;"";"13"
245;14400;360;"";"12"
246;0;-1;"";"-1"
247;0;120;"50%";"8"
248;380;140;"50%";"8"
249;1730;160;"70%";"7"
250;3840;180;"70%";"7"
251;9600;200;"100%";"6"
252;0;240;"100%";"5"
253;0;160;"50%";"11"
254;530;190;"50%";"11"
255;2380;220;"70%";"10"
256;5280;250;"70%";"10"
257;13200;280;"100%";"9"
258;0;320;"100%";"8"
259;0;200;"";"11"
260;430;240;"";"11"
261;1940;280;"";"10"
262;4320;320;"";"10"
263;10800;360;"";"9"
264;0;400;"";"8"
265;0;125;"10%";"8"
266;480;150;"20%";"8"
267;2180;170;"30%";"7"
268;4840;190;"40%";"7"
269;12100;210;"50%";"6"
270;0;240;"50%";"5"
271;0;220;"50%";"8"
272;400;260;"50%";"8"
273;1780;300;"60%";"7"
274;3960;340;"60%";"7"
275;9900;380;"75%";"6"
276;0;440;"75%";"5"
277;0;300;"25%";"11"
278;530;340;"25%";"11"
279;2380;380;"30%";"10"
280;5280;420;"30%";"10"
281;13200;460;"35%";"9"
282;0;500;"35%";"8"
283;0;200;"50%";"8"
284;350;240;"50%";"8"
285;1580;280;"60%";"7"
286;3520;320;"60%";"7"
287;8800;360;"75%";"6"
288;0;400;"75%";"5"
289;0;300;"50%";"14"
290;480;340;"50%";"14"
291;2180;380;"70%";"13"
292;4840;420;"70%";"13"
293;12100;460;"100%";"12"
294;0;500;"100%";"11"
295;0;110;"10%";"11"
296;530;140;"20%";"11"
297;2380;170;"30%";"10"
298;5280;200;"40%";"10"
299;13200;230;"50%";"9"
300;0;240;"50%";"8"
301;0;120;"50%";"8"
302;400;140;"50%";"8"
303;1780;160;"60%";"7"
304;3960;180;"60%";"7"
305;9900;200;"75%";"6"
306;0;240;"75%";"5"
307;0;200;"";"11"
308;350;240;"";"11"
309;1580;280;"";"10"
310;3520;320;"";"10"
311;8800;360;"";"9"
312;0;400;"";"8"
313;0;300;"50%";"14"
314;910;340;"50%";"14"
315;4100;380;"60%";"13"
316;9120;420;"60%";"13"
317;22800;460;"75%";"12"
318;0;500;"75%";"11"
319;0;110;"50%";"11"
320;840;140;"50%";"11"
321;3760;170;"70%";"10"
322;8360;200;"70%";"10"
323;20900;230;"100%";"9"
324;0;-1;"-1";"-1"
325;0;200;"50%";"11"
326;610;240;"50%";"11"
327;2740;280;"70%";"10"
328;6080;320;"70%";"10"
329;15200;360;"100%";"9"
330;0;-1;"-1";"-1"
331;0;120;"";"8"
332;680;140;"";"8"
333;3080;160;"";"7"
334;6840;180;"";"7"
335;17100;200;"";"6"
336;0;-1;"";"-1"
337;0;200;"50%";"8"
338;910;240;"50%";"8"
339;4100;280;"60%";"7"
340;9120;320;"60%";"7"
341;22800;360;"75%";"6"
342;0;-1;"-1";"-1"
343;0;100;"50%";"11"
344;840;130;"50%";"11"
345;3760;160;"70%";"10"
346;8360;190;"70%";"10"
347;20900;220;"100%";"9"
348;0;240;"100%";"8"
349;0;240;"50%";"8"
350;680;290;"50%";"8"
351;3080;340;"75%";"7"
352;6840;390;"75%";"7"
353;17100;440;"100%";"6"
354;0;500;"100%";"5"
355;0;300;"";"14"
356;610;340;"";"14"
357;2740;380;"";"13"
358;6080;420;"";"13"
359;15200;460;"";"12"
360;0;-1;"";"-1"
361;0;180;"50%";"11"
362;910;220;"50%";"11"
363;4100;260;"70%";"10"
364;9120;300;"70%";"10"
365;22800;340;"100%";"9"
366;0;360;"100%";"8"
367;0;220;"50%";"11"
368;610;260;"50%";"11"
369;2740;300;"70%";"10"
370;6080;340;"70%";"10"
371;15200;380;"100%";"9"
372;0;-1;"-1";"-1"
373;0;300;"";"14"
374;840;340;"";"14"
375;3760;380;"";"13"
376;8360;420;"";"13"
377;20900;460;"";"12"
378;0;500;"";"11"
379;0;108;"100%";"8"
380;680;130;"100%";"8"
381;3080;150;"120%";"7"
382;6840;170;"120%";"7"
383;17100;190;"150%";"6"
384;0;216;"150%";"5"
385;0;120;"";"8"
386;680;140;"";"8"
387;3080;160;"";"7"
388;6840;180;"";"7"
389;17100;200;"";"6"
390;0;240;"";"5"
391;0;300;"50%";"14"
392;910;340;"50%";"14"
393;4100;380;"70%";"13"
394;9120;420;"70%";"13"
395;22800;460;"100%";"12"
396;0;500;"100%";"11"
397;0;200;"50%";"11"
398;610;240;"50%";"11"
399;2740;280;"70%";"10"
400;6080;320;"70%";"10"
401;15200;360;"100%";"9"
402;0;-1;"-1";"-1"
403;0;110;"50%";"11"
404;840;140;"50%";"11"
405;3760;170;"70%";"10"
406;8360;200;"70%";"10"
407;20900;230;"100%";"9"
408;0;-1;"-1";"-1"
409;0;360;"25%";"11"
410;790;410;"25%";"11"
411;3560;460;"30%";"10"
412;7920;510;"30%";"10"
413;19800;560;"35%";"9"
414;0;-1;"-1";"-1"
415;0;144;"20%";"8"
416;580;170;"20%";"8"
417;2590;200;"25%";"7"
418;5760;230;"25%";"7"
419;14400;260;"30%";"6"
420;0;-1;"-1";"-1"
421;0;220;"";"13"
422;650;260;"";"13"
423;2920;300;"";"12"
424;6480;340;"";"12"
425;16200;380;"";"11"
426;0;-1;"";"-1"
427;0;240;"10%";"11"
428;790;290;"20%";"11"
429;3560;340;"30%";"10"
430;7920;390;"40%";"10"
431;19800;440;"50%";"9"
432;0;-1;"";"-1"
433;0;160;"100%";"9"
434;610;190;"100%";"9"
435;2750;220;"120%";"8"
436;6120;250;"120%";"8"
437;15300;280;"150%";"7"
438;0;320;"150%";"6"
439;0;200;"50%";"14"
440;820;240;"50%";"14"
441;3670;280;"60%";"13"
442;8160;320;"60%";"13"
443;20400;360;"75%";"12"
444;0;-1;"-1";"-1"
445;0;375;"10%";"10"
446;750;430;"10%";"10"
447;3370;480;"10%";"9"
448;7480;530;"10%";"9"
449;18700;580;"10%";"8"
450;0;625;"10%";"7"
451;0;300;"25%";"13"
452;540;340;"25%";"13"
453;2450;380;"35%";"12"
454;5440;420;"35%";"12"
455;13600;460;"50%";"11"
456;0;500;"50%";"10"
457;0;100;"50%";"11"
458;910;130;"50%";"11"
459;4100;160;"70%";"10"
460;9120;190;"70%";"10"
461;22800;220;"100%";"9"
462;0;-1;"-1";"-1"
463;0;200;"50%";"8"
464;840;240;"50%";"8"
465;3760;280;"70%";"7"
466;8360;320;"70%";"7"
467;20900;360;"100%";"6"
468;0;-1;"-1";"-1"
469;0;240;"50%";"8"
470;680;290;"50%";"8"
471;3080;340;"70%";"7"
472;6840;390;"70%";"7"
473;17100;440;"100%";"6"
474;0;500;"100%";"5"
475;0;300;"50%";"14"
476;610;340;"50%";"14"
477;2740;380;"70%";"13"
478;6080;420;"70%";"13"
479;15200;460;"100%";"12"
480;0;500;"100%";"11"
481;0;9;"6%";"12"
482;360;9;"7%";"12"
483;1620;12;"8%";"11"
484;3600;12;"9%";"11"
485;9000;12;"10%";"10"
486;0;12;"10%";"9"
487;0;270;"20%";"11"
488;320;310;"20%";"11"
489;1440;350;"25%";"10"
490;3200;390;"25%";"10"
491;8000;430;"30%";"9"
492;0;450;"30%";"8"
493;0;160;"100%";"7"
494;480;190;"100%";"7"
495;2160;220;"120%";"6"
496;4800;250;"120%";"6"
497;12000;280;"150%";"5"
498;0;320;"150%";"4"
499;0;300;"100%";"9"
500;440;340;"100%";"9"
501;1980;380;"120%";"8"
502;4400;420;"120%";"8"
503;11000;460;"150%";"7"
504;0;500;"150%";"6"
505;0;180;"50%";"9"
506;350;220;"50%";"9"
507;2180;260;"60%";"8"
508;4840;300;"60%";"8"
509;12100;340;"75%";"7"
510;0;-1;"-1";"-1"
511;0;100;"10%";"11"
512;530;130;"20%";"11"
513;2380;160;"30%";"10"
514;5280;190;"40%";"10"
515;13200;220;"50%";"9"
516;0;-1;"-1";"-1"
517;0;120;"50%";"8"
518;350;140;"50%";"8"
519;1580;160;"70%";"7"
520;3520;180;"70%";"7"
521;8800;200;"100%";"6"
522;0;-1;"-1";"-1"
523;0;300;"50%";"12"
524;400;340;"50%";"12"
525;2880;380;"75%";"11"
526;6400;420;"75%";"11"
527;16000;460;"100%";"10"
528;0;500;"100%";"9"
529;0;200;"50%";"14"
530;580;250;"50%";"14"
531;2590;300;"70%";"13"
532;5760;350;"70%";"13"
533;14400;400;"100%";"12"
534;0;440;"100%";"11"
535;0;120;"50%";"8"
536;380;150;"50%";"8"
537;1730;180;"70%";"7"
538;3840;210;"70%";"7"
539;9600;240;"100%";"6"
540;0;-1;"-1";"-1"
541;0;160;"50%";"11"
542;530;200;"50%";"11"
543;2380;240;"70%";"10"
544;5280;280;"70%";"10"
545;13200;320;"100%";"9"
546;0;-1;"-1";"-1"
547;0;200;"";"11"
548;430;250;"";"11"
549;1940;300;"";"10"
550;4320;350;"";"10"
551;10800;400;"";"9"
552;0;-1;"";"-1"
553;0;100;"50%";"7"
554;440;130;"50%";"7"
555;1980;160;"60%";"6"
556;4400;190;"60%";"6"
557;11000;220;"75%";"5"
558;0;240;"75%";"4"
559;0;200;"50%";"10"
560;400;240;"50%";"10"
561;1780;280;"70%";"9"
562;3960;320;"70%";"9"
563;9900;360;"100%";"8"
564;0;-1;"-1";"-1"
565;0;180;"50%";"7"
566;310;220;"50%";"7"
567;1390;260;"60%";"6"
568;3080;300;"60%";"6"
569;7700;340;"75%";"5"
570;0;-1;"-1";"-1"
571;0;300;"";"13"
572;260;340;"";"13"
573;1190;380;"";"12"
574;2640;420;"";"12"
575;6600;460;"";"11"
576;0;-1;"";"-1"
577;0;240;"";"14"
578;400;280;"";"14"
579;1780;320;"";"13"
580;4455;360;"";"13"
581;9900;400;"";"12"
582;0;500;"";"11"
583;0;100;"10%";"11"
584;320;130;"20%";"11"
585;1460;160;"30%";"10"
586;3240;190;"40%";"10"
587;8100;220;"50%";"9"
588;0;240;"50%";"8"
589;0;210;"";"14"
590;430;230;"";"14"
591;1940;250;"";"13"
592;4320;270;"";"13"
593;10800;290;"";"12"
594;0;290;"";"11"
595;0;200;"";"8"
596;290;240;"";"8"
597;1300;280;"";"7"
598;2880;320;"";"7"
599;7200;360;"";"6"
600;0;400;"";"5"
601;0;260;"";"7"
602;530;310;"";"7"
603;2380;360;"";"7"
604;5280;410;"";"6"
605;13200;460;"";"6"
606;0;520;"";"6"
607;0;240;"50%";"6"
608;480;290;"50%";"6"
609;2180;340;"75%";"6"
610;4840;390;"75%";"5"
611;12100;440;"100%";"5"
612;0;480;"100%";"5"
613;0;330;"50%";"8"
614;400;390;"50%";"8"
615;1780;450;"75%";"8"
616;3960;510;"75%";"7"
617;9900;570;"100%";"7"
618;0;625;"100%";"7"
619;0;144;"25%";"5"
620;350;170;"25%";"5"
621;1580;200;"35%";"5"
622;3520;230;"35%";"4"
623;8800;260;"50%";"4"
624;0;288;"50%";"4"
625;0;160;"50%";"9"
626;480;190;"50%";"9"
627;2180;220;"60%";"8"
628;4840;250;"60%";"8"
629;12100;280;"75%";"7"
630;0;320;"75%";"6"
631;0;130;"100%";"11"
632;400;160;"100%";"11"
633;1780;190;"120%";"10"
634;3960;220;"120%";"10"
635;9900;250;"150%";"9"
636;0;264;"150%";"8"
637;0;150;"20%";"14"
638;530;170;"20%";"14"
639;2380;190;"25%";"13"
640;5280;210;"25%";"13"
641;13200;230;"30%";"12"
642;0;240;"30%";"11"
643;0;300;"25%";"14"
644;350;340;"25%";"14"
645;1580;380;"35%";"13"
646;3520;420;"35%";"13"
647;8800;460;"50%";"12"
648;0;500;"50%";"11"
649;0;108;"100%";"8"
650;440;130;"100%";"8"
651;1980;150;"120%";"7"
652;4400;170;"120%";"7"
653;11000;190;"150%";"6"
654;0;-1;"-1";"-1"
655;0;300;"50%";"12"
656;480;340;"50%";"12"
657;2160;380;"70%";"11"
658;4800;420;"70%";"11"
659;12000;460;"100%";"10"
660;0;-1;"-1";"-1"
661;0;220;"100%";"11"
662;320;260;"100%";"11"
663;1440;300;"120%";"10"
664;3200;340;"120%";"10"
665;8000;380;"150%";"9"
666;0;440;"150%";"8"
667;0;180;"50%";"11"
668;360;220;"50%";"11"
669;1620;260;"70%";"10"
670;3600;300;"70%";"10"
671;9000;340;"100%";"9"
672;0;360;"100%";"8"
673;0;200;"";"11"
674;430;240;"";"11"
675;1940;280;"";"10"
676;4320;320;"";"10"
677;10800;360;"";"9"
678;0;400;"";"8"
679;0;120;"50%";"8"
680;380;140;"50%";"8"
681;1730;160;"70%";"7"
682;3840;180;"70%";"7"
683;9600;200;"100%";"6"
684;0;240;"100%";"5"
685;0;160;"50%";"11"
686;580;190;"50%";"11"
687;2590;220;"70%";"10"
688;5760;250;"70%";"10"
689;14400;280;"100%";"9"
690;0;-1;"-1";"-1"
691;0;270;"100%";"14"
692;530;310;"100%";"14"
693;2380;350;"120%";"13"
694;5280;390;"120%";"13"
695;13200;430;"150%";"12"
696;0;450;"150%";"11"
697;0;200;"25%";"11"
698;360;240;"25%";"11"
699;1620;280;"35%";"10"
700;3600;320;"35%";"10"
701;9000;360;"50%";"9"
702;0;400;"50%";"8"
703;0;120;"50%";"8"
704;320;140;"50%";"8"
705;1440;160;"70%";"7"
706;3200;180;"70%";"7"
707;8000;200;"100%";"6"
708;0;-1;"-1";"-1"
709;0;160;"50%";"11"
710;480;190;"50%";"11"
711;2160;220;"70%";"10"
712;4800;250;"70%";"10"
713;12000;280;"100%";"9"
714;0;-1;"-1";"-1"
715;0;285;"";"14"
716;440;320;"";"14"
717;1980;350;"";"13"
718;4400;380;"";"13"
719;11000;410;"";"12"
720;0;-1;"";"-1"
721;0;125;"10%";"8"
722;320;150;"20%";"8"
723;1460;170;"30%";"7"
724;3240;190;"40%";"7"
725;8100;210;"50%";"6"
726;0;240;"50%";"5"
727;0;200;"50%";"5"
728;290;240;"50%";"5"
729;1300;280;"60%";"4"
730;2880;320;"60%";"4"
731;7200;360;"75%";"3"
732;0;400;"75%";"2"
733;0;210;"";"11"
734;430;230;"";"11"
735;1940;250;"";"10"
736;4320;270;"";"10"
737;10800;290;"";"9"
738;0;310;"";"8"
739;0;300;"";"11"
740;400;340;"";"11"
741;1780;380;"";"10"
742;3960;420;"";"10"
743;9900;460;"";"9"
744;0;500;"";"8"
745;0;120;"50%";"8"
746;290;150;"50%";"8"
747;1300;180;"70%";"7"
748;2880;210;"70%";"7"
749;7200;240;"100%";"6"
750;0;288;"100%";"5"
751;0;110;"10%";"11"
752;400;140;"20%";"11"
753;1780;170;"30%";"10"
754;3960;200;"40%";"10"
755;9900;230;"50%";"9"
756;0;240;"50%";"8"
757;0;255;"50%";"12"
758;320;290;"50%";"12"
759;1460;320;"60%";"11"
760;3240;350;"60%";"11"
761;8100;380;"75%";"10"
762;0;425;"75%";"9"
763;0;180;"";"14"
764;430;220;"";"14"
765;1940;260;"";"13"
766;4320;300;"";"13"
767;10800;340;"";"12"
768;0;360;"";"11"
769;0;120;"50%";"8"
770;540;150;"50%";"8"
771;2450;180;"60%";"7"
772;5440;210;"60%";"7"
773;13600;240;"75%";"6"
774;0;-1;"";"-1"
775;0;180;"";"14"
776;820;220;"";"14"
777;3670;260;"";"13"
778;8160;300;"";"13"
779;20400;340;"";"12"
780;0;-1;"";"-1"
781;0;110;"50%";"11"
782;750;140;"50%";"11"
783;3370;170;"70%";"10"
784;7480;200;"70%";"10"
785;18700;230;"100%";"9"
786;0;-1;"";"-1"
787;0;255;"50%";"12"
788;610;290;"50%";"12"
789;2750;320;"70%";"11"
790;6120;350;"70%";"11"
791;15300;380;"100%";"10"
792;0;-1;"";"-1"
793;0;240;"50%";"14"
794;750;280;"50%";"14"
795;3370;320;"75%";"13"
796;7480;360;"75%";"13"
797;18700;400;"100%";"12"
798;0;-1;"-1";"-1"
799;0;100;"50%";"11"
800;540;130;"50%";"11"
801;2450;160;"70%";"10"
802;5440;190;"70%";"10"
803;13600;220;"100%";"9"
804;0;240;"100%";"8"
805;0;200;"50%";"8"
806;610;240;"50%";"8"
807;2750;280;"50%";"7"
808;6120;320;"50%";"7"
809;15300;360;"50%";"6"
810;0;-1;"-1";"-1"
811;0;168;"";"14"
812;820;180;"";"14"
813;3670;200;"";"13"
814;8160;220;"";"13"
815;20400;240;"";"12"
816;0;-1;"";"-1"
817;0;180;"50%";"11"
818;650;220;"50%";"11"
819;2920;260;"70%";"10"
820;6480;300;"70%";"10"
821;16200;340;"100%";"9"
822;0;-1;"-1";"-1"
823;0;300;"50%";"14"
824;860;340;"50%";"14"
825;3890;380;"70%";"13"
826;8640;420;"70%";"13"
827;21600;460;"100%";"12"
828;0;-1;"-1";"-1"
829;0;220;"100%";"11"
830;580;260;"100%";"11"
831;2590;300;"120%";"10"
832;5760;340;"120%";"10"
833;14400;380;"150%";"9"
834;0;-1;"-1";"-1"
835;0;108;"100%";"8"
836;790;130;"100%";"8"
837;3560;150;"120%";"7"
838;7920;170;"120%";"7"
839;19800;190;"150%";"6"
840;0;-1;"-1";"-1"
841;0;120;"50%";"8"
842;610;150;"50%";"8"
843;2750;180;"70%";"7"
844;6120;210;"70%";"7"
845;15300;240;"100%";"6"
846;0;-1;"-1";"-1"
847;0;180;"";"14"
848;820;220;"";"14"
849;3670;260;"";"13"
850;8160;300;"";"13"
851;20400;340;"";"12"
852;0;-1;"";"-1"
853;0;110;"50%";"11"
854;750;140;"50%";"11"
855;3370;170;"70%";"10"
856;7480;200;"70%";"10"
857;18700;230;"100%";"9"
858;0;-1;"-1";"-1"
859;0;255;"50%";"12"
860;540;290;"50%";"12"
861;2450;320;"70%";"11"
862;5440;350;"70%";"11"
863;13600;380;"100%";"10"
864;0;425;"100%";"9"
865;0;260;"";"13"
866;910;310;"";"13"
867;4100;360;"";"12"
868;9120;410;"";"12"
869;22800;460;"";"11"
870;0;520;"";"10"
871;0;240;"10%";"12"
872;610;290;"20%";"12"
873;2740;340;"30%";"11"
874;6080;390;"40%";"11"
875;15200;440;"50%";"10"
876;0;480;"50%";"9"
877;0;330;"25%";"13"
878;680;390;"25%";"13"
879;3080;450;"30%";"12"
880;6840;510;"30%";"12"
881;17100;570;"35%";"11"
882;0;625;"35%";"10"
883;0;144;"20%";"8"
884;840;170;"20%";"8"
885;3760;200;"25%";"7"
886;8360;230;"25%";"7"
887;20900;260;"30%";"6"
888;0;288;"30%";"5"
889;0;160;"100%";"9"
890;840;190;"100%";"9"
891;3760;220;"120%";"8"
892;8360;250;"120%";"8"
893;20900;280;"150%";"7"
894;0;320;"150%";"6"
895;0;300;"25%";"14"
896;610;340;"25%";"14"
897;2740;380;"35%";"13"
898;6080;420;"35%";"13"
899;15200;460;"50%";"12"
900;0;-1;"-1";"-1"
901;0;130;"100%";"11"
902;910;160;"100%";"11"
903;4100;190;"120%";"10"
904;9120;220;"120%";"10"
905;22800;250;"150%";"9"
906;0;264;"150%";"8"
907;0;375;"10%";"14"
908;680;430;"10%";"14"
909;3080;480;"10%";"13"
910;6840;530;"10%";"13"
911;17100;580;"10%";"12"
912;0;-1;"";"-1"
913;0;240;"";"14"
914;750;280;"";"14"
915;3370;320;"";"13"
916;7480;360;"";"13"
917;18700;400;"";"12"
918;0;-1;"";"-1"
919;0;100;"50%";"11"
920;540;130;"50%";"11"
921;2450;160;"70%";"10"
922;5440;190;"70%";"10"
923;13600;220;"100%";"9"
924;0;-1;"";"-1"
925;0;200;"50%";"8"
926;610;240;"50%";"8"
927;2750;280;"70%";"7"
928;6120;320;"70%";"7"
929;15300;360;"100%";"6"
930;0;-1;"-1";"-1"
931;0;168;"";"14"
932;820;180;"";"14"
933;3670;200;"";"13"
934;8160;220;"";"13"
935;20400;240;"";"12"
936;0;-1;"";"-1"
937;0;230;"50%";"8"
938;580;280;"50%";"8"
939;2590;330;"70%";"7"
940;5760;380;"70%";"7"
941;14400;430;"100%";"6"
942;0;430;"100%";"6"
943;0;270;"20%";"11"
944;380;210;"20%";"11"
945;1730;350;"25%";"10"
946;3840;390;"25%";"10"
947;9600;430;"30%";"9"
948;0;430;"30%";"9"
949;0;330;"100%";"11"
950;530;370;"100%";"11"
951;2380;410;"120%";"10"
952;5280;450;"120%";"10"
953;13200;490;"150%";"9"
954;0;490;"150%";"9"
955;0;160;"100%";"7"
956;430;190;"100%";"7"
957;1940;220;"120%";"6"
958;4320;250;"120%";"6"
959;10800;280;"150%";"5"
960;0;320;"150%";"4"
961;0;240;"50%";"14"
962;400;280;"50%";"14"
963;1780;320;"60%";"13"
964;3960;360;"60%";"13"
965;9900;400;"75%";"12"
966;0;450;"75%";"11"
967;0;100;"10%";"11"
968;320;130;"20%";"11"
969;1460;160;"30%";"10"
970;3240;190;"40%";"10"
971;8100;220;"50%";"9"
972;0;240;"50%";"8"
973;0;180;"50%";"9"
974;290;220;"50%";"9"
975;1300;260;"75%";"8"
976;2880;300;"75%";"8"
977;7200;340;"100%";"7"
978;0;340;"100%";"7"
979;0;210;"";"14"
980;430;230;"";"14"
981;1940;250;"";"13"
982;4320;270;"";"13"
983;10800;290;"";"12"
984;0;290;"";"12"
985;0;200;"50%";"11"
986;360;250;"50%";"11"
987;1620;300;"70%";"10"
988;3600;350;"70%";"10"
989;9000;400;"100%";"9"
990;0;-1;"";"-1"
991;0;285;"";"14"
992;440;330;"";"14"
993;1980;370;"";"13"
994;4400;410;"";"13"
995;11000;450;"";"12"
996;0;-1;"";"-1"
997;0;160;"50%";"11"
998;480;200;"50%";"11"
999;2160;240;"70%";"10"
1000;4800;280;"70%";"10"
1001;12000;320;"100%";"9"
1002;0;360;"100%";"8"
1003;0;120;"50%";"8"
1004;320;150;"50%";"8"
1005;1440;180;"70%";"7"
1006;3200;210;"70%";"7"
1007;8000;240;"100%";"6"
1008;0;264;"100%";"5"
1009;0;240;"";"13"
1010;320;280;"";"13"
1011;1460;320;"";"12"
1012;3240;360;"";"12"
1013;8100;400;"";"11"
1014;0;-1;"";"-1"
1015;0;100;"50%";"10"
1016;220;130;"50%";"10"
1017;970;160;"70%";"9"
1018;2160;190;"70%";"9"
1019;5400;220;"100%";"8"
1020;0;-1;"-1";"-1"
1021;0;200;"50%";"7"
1022;250;240;"50%";"7"
1023;1130;280;"60%";"6"
1024;2520;320;"60%";"6"
1025;6300;360;"75%";"5"
1026;0;400;"75%";"4"
1027;0;168;"";"13"
1028;360;180;"";"13"
1029;1620;200;"";"12"
1030;3600;220;"";"12"
1031;9000;240;"";"11"
1032;0;-1;"";"-1"
1033;0;9;"6%";"12"
1034;360;9;"7%";"12"
1035;1620;12;"8%";"11"
1036;3600;12;"9%";"11"
1037;9000;12;"10%";"10"
1038;0;15;"10%";"9"
1039;0;200;"100%";"11"
1040;480;240;"100%";"11"
1041;2160;280;"120%";"10"
1042;4800;320;"120%";"10"
1043;12000;360;"150%";"9"
1044;0;400;"150%";"8"
1045;0;96;"50%";""
1046;320;120;"50%";""
1047;1440;140;"70%";""
1048;3200;160;"70%";""
1049;8000;180;"100%";""
1050;0;192;"100%";""
1051;0;270;"100%";"9"
1052;440;310;"100%";"9"
1053;1980;350;"120%";"8"
1054;4400;390;"120%";"8"
1055;11000;430;"150%";"7"
1056;0;450;"150%";"6"
1057;0;300;"";"11"
1058;580;340;"";"11"
1059;2590;380;"";"10"
1060;5760;420;"";"10"
1061;14400;460;"";"9"
1062;0;500;"";"8"
1063;0;200;"50%";"9"
1064;430;240;"50%";"9"
1065;1940;280;"70%";"8"
1066;4320;320;"70%";"8"
1067;10800;360;"100%";"7"
1068;0;400;"100%";"6"
1069;0;150;"";"9"
1070;380;190;"";"9"
1071;1730;230;"";"8"
1072;3840;270;"";"8"
1073;9600;310;"";"7"
1074;0;336;"";"6"
1075;0;200;"";"11"
1076;530;240;"";"11"
1077;2380;280;"";"10"
1078;5280;320;"";"10"
1079;13200;360;"";"9"
1080;0;400;"";"8"
1081;0;300;"";"12"
1082;340;340;"";"12"
1083;1510;380;"";"11"
1084;3360;420;"";"11"
1085;8400;460;"";"10"
1086;0;500;"";"9"
1087;0;200;"";"11"
1088;310;240;"";"11"
1089;1390;280;"";"10"
1090;3080;320;"";"10"
1091;7700;360;"";"9"
1092;0;400;"";"8"
1093;0;170;"10%";"10"
1094;250;210;"10%";"10"
1095;1130;250;"12%";"9"
1096;2520;290;"12%";"9"
1097;6300;330;"15%";"8"
1098;0;360;"15%";"7"
1099;0;220;"100%";"9"
1100;220;270;"100%";"9"
1101;1010;320;"120%";"8"
1102;2240;370;"120%";"8"
1103;5600;420;"150%";"7"
1104;0;460;"150%";"6"
1105;0;200;"100%";"8"
1106;320;240;"100%";"8"
1107;1440;280;"120%";"7"
1108;3200;320;"120%";"7"
1109;8000;360;"150%";"6"
1110;0;400;"150%";"5"
1111;0;300;"";"12"
1112;440;340;"";"12"
1113;1980;380;"";"11"
1114;4400;420;"";"11"
1115;11000;460;"";"10"
1116;0;500;"";"9"
1117;0;250;"";"9"
1118;480;300;"";"9"
1119;2160;350;"";"8"
1120;4800;400;"";"8"
1121;12000;450;"";"7"
1122;0;500;"";"6"
1123;0;150;"50%";"6"
1124;360;180;"50%";"6"
1125;1620;210;"70%";"5"
1126;3600;240;"70%";"5"
1127;9000;270;"100%";"4"
1128;0;288;"100%";"3"
1129;0;300;"";"14"
1130;480;340;"";"14"
1131;2160;380;"";"13"
1132;4800;420;"";"13"
1133;12000;460;"";"12"
1134;0;500;"";"11"
1135;0;200;"50%";"10"
1136;360;240;"50%";"10"
1137;1620;280;"60%";"9"
1138;3600;320;"60%";"9"
1139;9000;360;"75%";"8"
1140;0;400;"75%";"7"
1141;0;120;"50%";"8"
1142;320;140;"50%";"8"
1143;1440;160;"70%";"7"
1144;3200;180;"70%";"7"
1145;8000;200;"100%";"6"
1146;0;240;"100%";"5"
1147;0;200;"";"11"
1148;440;240;"";"11"
1149;1980;280;"";"10"
1150;4400;320;"";"10"
1151;11000;360;"";"9"
1152;0;400;"";"8"
1153;0;100;"10%";"11"
1154;440;130;"20%";"11"
1155;1980;160;"30%";"10"
1156;4400;190;"40%";"10"
1157;11000;220;"50%";"9"
1158;0;240;"50%";"8"
1159;0;200;"50%";"8"
1160;320;240;"50%";"8"
1161;1440;280;"70%";"7"
1162;3200;320;"70%";"7"
1163;8000;360;"100%";"6"
1164;0;400;"100%";"5"
1165;0;300;"";"14"
1166;360;340;"";"14"
1167;1620;380;"";"13"
1168;3600;420;"";"13"
1169;9000;460;"";"12"
1170;0;500;"";"11"
1171;0;200;"";"14"
1172;480;220;"";"14"
1173;2160;240;"";"13"
1174;4800;260;"";"13"
1175;12000;280;"";"12"
1176;0;290;"";"11"
1177;0;260;"25%";"7"
1178;380;310;"25%";"7"
1179;1730;360;"35%";"7"
1180;3840;410;"35%";"6"
1181;9600;460;"50%";"6"
1182;0;520;"50%";"6"
1183;0;240;"50%";"7"
1184;580;290;"50%";"7"
1185;2590;340;"75%";"7"
1186;5760;390;"75%";"6"
1187;14400;440;"100%";"6"
1188;0;480;"100%";"6"
1189;0;360;"";"8"
1190;530;410;"";"8"
1191;2380;460;"";"8"
1192;5280;510;"";"7"
1193;13200;560;"";"7"
1194;0;600;"";"7"
1195;0;144;"50%";"6"
1196;430;170;"50%";"6"
1197;1940;200;"60%";"6"
1198;4320;230;"60%";"5"
1199;10800;260;"75%";"5"
1200;0;288;"75%";"5"
1201;0;240;"";"11"
1202;480;290;"";"11"
1203;2160;340;"";"10"
1204;4800;390;"";"10"
1205;12000;440;"";"9"
1206;0;500;"";"8"
1207;0;130;"100%";"11"
1208;320;160;"100%";"11"
1209;1440;190;"120%";"10"
1210;3200;220;"120%";"10"
1211;8000;250;"150%";"9"
1212;0;264;"150%";"8"
1213;0;200;"50%";"9"
1214;360;240;"50%";"9"
1215;1620;280;"60%";"8"
1216;3600;320;"60%";"8"
1217;9000;360;"75%";"7"
1218;0;420;"75%";"6"
1219;0;150;"20%";"14"
1220;440;170;"20%";"14"
1221;1980;190;"25%";"13"
1222;4400;210;"25%";"13"
1223;11000;230;"30%";"12"
1224;0;240;"30%";"11"
1225;0;300;"50%";"12"
1226;430;340;"50%";"12"
1227;1940;380;"70%";"11"
1228;4320;420;"70%";"11"
1229;10800;460;"100%";"10"
1230;0;-1;"-1";"-1"
1231;0;108;"100%";"8"
1232;400;130;"100%";"8"
1233;1780;150;"120%";"7"
1234;3960;170;"120%";"7"
1235;9900;190;"150%";"6"
1236;0;-1;"-1";"-1"
1237;0;330;"";"12"
1238;320;370;"";"12"
1239;1460;410;"";"11"
1240;3240;450;"";"11"
1241;8100;490;"";"10"
1242;0;550;"";"9"
1243;0;220;"100%";"11"
1244;290;260;"100%";"11"
1245;1300;300;"120%";"10"
1246;2880;340;"120%";"10"
1247;7200;380;"150%";"9"
1248;0;-1;"-1";"-1"
1249;0;200;"";"14"
1250;530;240;"";"14"
1251;2380;280;"";"13"
1252;5280;320;"";"13"
1253;13200;360;"";"12"
1254;0;-1;"";"-1"
1255;0;120;"50%";"8"
1256;350;140;"50%";"8"
1257;1580;160;"70%";"7"
1258;3520;180;"70%";"7"
1259;8800;200;"100%";"6"
1260;0;240;"100%";"5"
1261;0;200;"100%";"11"
1262;480;240;"100%";"11"
1263;2;280;"120%";"10"
1264;5;320;"120%";"10"
1265;12;360;"150%";"9"
1266;0;-1;"-1";"-1"
1267;0;300;"100%";"12"
1268;400;340;"100%";"12"
1269;1780;380;"120%";"11"
1270;3960;420;"120%";"11"
1271;9900;460;"150%";"10"
1272;0;500;"150%";"9"
1273;0;300;"";"14"
1274;430;340;"";"14"
1275;1940;380;"";"13"
1276;4320;420;"";"13"
1277;10800;460;"";"12"
1278;0;500;"";"11"
1279;0;170;"";"13"
1280;400;210;"";"13"
1281;1780;250;"";"12"
1282;3960;290;"";"12"
1283;9900;330;"";"11"
1284;0;380;"";"10"
1285;0;160;"50%";"11"
1286;320;190;"50%";"11"
1287;1460;220;"70%";"10"
1288;3240;250;"70%";"10"
1289;8100;280;"100%";"9"
1290;0;-1;"-1";"-1"
1291;0;120;"50%";"8"
1292;290;140;"50%";"8"
1293;1300;160;"70%";"7"
1294;2880;180;"70%";"7"
1295;7200;200;"100%";"6"
1296;0;-1;"-1";"-1"
1297;0;100;"10%";"8"
1298;440;120;"20%";"8"
1299;1980;140;"30%";"7"
1300;4400;160;"40%";"7"
1301;11000;180;"50%";"6"
1302;0;192;"50%";"5"
1303;0;210;"";"11"
1304;480;230;"";"11"
1305;2160;250;"";"10"
1306;4800;270;"";"10"
1307;12000;290;"";"9"
1308;0;310;"";"8"
1309;0;160;"50%";"5"
1310;320;190;"50%";"5"
1311;1440;220;"60%";"4"
1312;3200;250;"60%";"4"
1313;8000;280;"75%";"3"
1314;0;320;"75%";"2"
1315;0;270;"50%";"11"
1316;360;310;"50%";"11"
1317;1620;350;"60%";"10"
1318;3600;390;"60%";"10"
1319;9000;430;"75%";"9"
1320;0;450;"75%";"8"
1321;0;120;"50%";"8"
1322;530;150;"50%";"8"
1323;2380;180;"70%";"7"
1324;5280;210;"70%";"7"
1325;13200;240;"100%";"6"
1326;0;288;"100%";"5"
1327;0;300;"";"14"
1328;380;350;"";"14"
1329;1730;400;"";"13"
1330;3840;450;"";"13"
1331;9600;500;"";"12"
1332;0;545;"";"11"
1333;0;110;"10%";"11"
1334;580;140;"20%";"11"
1335;2590;170;"30%";"10"
1336;5760;200;"40%";"10"
1337;14400;230;"50%";"9"
1338;0;240;"50%";"8"
1339;0;120;"50%";"8"
1340;430;140;"50%";"8"
1341;1940;160;"60%";"7"
1342;4320;180;"60%";"7"
1343;10800;200;"75%";"6"
1344;0;240;"75%";"5"
1345;0;120;"50%";"8"
1346;880;150;"50%";"8"
1347;3960;180;"60%";"7"
1348;8800;210;"60%";"7"
1349;22000;240;"75%";"6"
1350;0;288;"75%";"5"
1351;0;300;"";"14"
1352;720;350;"";"14"
1353;3240;400;"";"13"
1354;7200;450;"";"13"
1355;18000;500;"";"12"
1356;0;545;"";"11"
1357;0;110;"50%";"11"
1358;960;140;"50%";"11"
1359;4320;170;"70%";"10"
1360;9600;200;"70%";"10"
1361;24000;230;"100%";"9"
1362;0;240;"100%";"8"
1363;0;120;"50%";"8"
1364;640;140;"50%";"8"
1365;2880;160;"70%";"7"
1366;6400;180;"70%";"7"
1367;16000;200;"100%";"6"
1368;0;-1;"-1";"-1"
1369;0;100;"50%";"11"
1370;650;130;"50%";"11"
1371;2920;160;"70%";"10"
1372;6480;190;"70%";"10"
1373;16200;220;"100%";"9"
1374;0;-1;"-1";"-1"
1375;0;200;"50%";"8"
1376;790;240;"50%";"8"
1377;3560;280;"75%";"7"
1378;7920;320;"75%";"7"
1379;19800;360;"100%";"6"
1380;0;-1;"-1";"-1"
1381;0;300;"";"14"
1382;580;340;"";"14"
1383;2590;380;"";"13"
1384;5760;420;"";"13"
1385;14400;460;"";"12"
1386;0;500;"";"11"
1387;0;168;"";"14"
1388;860;180;"";"14"
1389;3890;200;"";"13"
1390;8640;220;"";"13"
1391;21600;240;"";"12"
1392;0;-1;"";"-1"
1393;0;300;"50%";"14"
1394;820;340;"50%";"14"
1395;3670;380;"70%";"13"
1396;8160;420;"70%";"13"
1397;20400;460;"100%";"12"
1398;0;500;"100%";"11"
1399;0;108;"100%";"8"
1400;750;130;"100%";"8"
1401;3370;150;"120%";"7"
1402;7480;170;"120%";"7"
1403;18700;190;"150%";"6"
1404;0;-1;"-1";"-1"
1405;0;220;"100%";"11"
1406;540;260;"100%";"11"
1407;2450;300;"120%";"10"
1408;5440;340;"120%";"10"
1409;13600;380;"150%";"9"
1410;0;440;"150%";"8"
1411;0;330;"";"12"
1412;610;370;"";"12"
1413;2750;410;"";"11"
1414;6120;450;"";"11"
1415;15300;490;"";"10"
1416;0;-1;"";"-1"
1417;0;120;"50%";"8"
1418;880;150;"50%";"8"
1419;3960;180;"70%";"7"
1420;8800;210;"70%";"7"
1421;22000;240;"100%";"6"
1422;0;288;"100%";"5"
1423;0;300;"";"14"
1424;720;350;"";"14"
1425;3240;400;"";"13"
1426;7200;450;"";"13"
1427;18000;500;"";"12"
1428;0;545;"";"11"
1429;0;110;"50%";"11"
1430;960;140;"50%";"11"
1431;4320;170;"70%";"10"
1432;9600;200;"70%";"10"
1433;24000;230;"100%";"9"
1434;0;240;"100%";"8"
1435;0;120;"50%";"8"
1436;640;140;"50%";"8"
1437;2880;160;"70%";"7"
1438;6400;180;"70%";"7"
1439;16000;200;"100%";"6"
1440;0;240;"100%";"5"
1441;0;260;"25%";"11"
1442;880;310;"25%";"11"
1443;3960;360;"30%";"10"
1444;8800;410;"30%";"10"
1445;22000;460;"35%";"9"
1446;0;-1;"-1";"-1"
1447;0;240;"10%";"12"
1448;720;290;"20%";"12"
1449;3240;340;"30%";"11"
1450;7200;390;"40%";"11"
1451;18000;440;"50%";"10"
1452;0;-1;"-1";"-1"
1453;0;360;"";"13"
1454;640;410;"";"13"
1455;2880;460;"";"12"
1456;6400;510;"";"12"
1457;16000;560;"";"11"
1458;0;600;"";"10"
1459;0;144;"20%";"8"
1460;960;170;"20%";"8"
1461;4320;200;"25%";"7"
1462;9600;230;"25%";"7"
1463;24000;260;"30%";"6"
1464;0;288;"30%";"5"
1465;0;240;"";"11"
1466;860;290;"";"11"
1467;3890;340;"";"10"
1468;8640;390;"";"10"
1469;21600;440;"";"9"
1470;0;500;"";"8"
1471;0;130;"100%";"11"
1472;790;160;"100%";"11"
1473;3560;190;"120%";"10"
1474;7920;220;"120%";"10"
1475;19800;250;"150%";"9"
1476;0;-1;"-1";"-1"
1477;0;200;"100%";"9"
1478;650;240;"100%";"9"
1479;2920;280;"120%";"8"
1480;6480;320;"120%";"8"
1481;16200;360;"150%";"7"
1482;0;-1;"-1";"-1"
1483;0;375;"10%";"14"
1484;580;430;"10%";"14"
1485;2590;480;"10%";"13"
1486;5760;530;"10%";"13"
1487;14400;580;"10%";"12"
1488;0;-1;"-1";"-1"
1489;0;100;"50%";"11"
1490;650;130;"50%";"11"
1491;2920;160;"70%";"10"
1492;6480;190;"70%";"10"
1493;16200;220;"100%";"9"
1494;0;240;"100%";"8"
1495;0;200;"50%";"8"
1496;580;240;"50%";"8"
1497;2590;280;"70%";"7"
1498;5760;320;"70%";"7"
1499;14400;360;"100%";"6"
1500;0;400;"100%";"5"
1501;0;300;"50%";"14"
1502;790;340;"50%";"14"
1503;3560;380;"70%";"13"
1504;7920;420;"70%";"13"
1505;19800;460;"100%";"12"
1506;0;500;"100%";"11"
1507;0;168;"";"14"
1508;860;180;"";"14"
1509;3890;200;"";"13"
1510;8640;220;"";"13"
1511;21600;240;"";"12"
1512;0;-1;"";"-1"
1513;0;345;"10";"50%"
1514;400;390;"10";"50%"
1515;1780;440;"9";"70%"
1516;3960;490;"9";"70%"
1517;9900;540;"8";"100%"
1518;0;575;"7";"100%"
1519;0;270;"20%";"11"
1520;350;310;"20%";"11"
1521;1580;350;"25%";"10"
1522;3520;390;"25%";"10"
1523;8800;430;"30%";"9"
1524;0;450;"30%";"8"
1525;0;200;"100%";"8"
1526;480;240;"100%";"8"
1527;2180;280;"120%";"7"
1528;4840;320;"120%";"7"
1529;12100;360;"150%";"6"
1530;0;400;"150%";"5"
1531;0;200;"";"8"
1532;530;240;"";"8"
1533;2380;280;"";"7"
1534;5280;320;"";"7"
1535;13200;360;"";"6"
1536;0;400;"";"5"
1537;0;300;"50%";"12"
1538;360;340;"50%";"12"
1539;1620;380;"75%";"11"
1540;3600;420;"75%";"11"
1541;9000;460;"100%";"10"
1542;0;-1;"-1";"-1"
1543;0;160;"50%";"9"
1544;320;190;"50%";"9"
1545;1440;220;"70%";"8"
1546;3200;250;"70%";"8"
1547;8000;280;"100%";"7"
1548;0;-1;"-1";"-1"
1549;0;100;"10%";"11"
1550;440;130;"20%";"11"
1551;1980;160;"30%";"10"
1552;4400;190;"40%";"10"
1553;11000;220;"50%";"9"
1554;0;240;"50%";"8"
1555;0;200;"";"14"
1556;480;220;"";"14"
1557;2160;240;"";"13"
1558;4800;260;"";"13"
1559;1200;280;"";"12"
1560;0;-1;"";"-1"
1561;0;-1;"-1";"-1"
1562;-1;-1;"-1";"-1"
1563;-1;400;"70%";"13"
1564;4320;450;"70%";"13"
1565;10800;500;"100%";"12"
1566;0;-1;"-1";"-1"
1567;0;-1;"";"-1"
1568;-1;-1;"";"-1"
1569;-1;-1;"";"-1"
1570;-1;-1;"";"-1"
1571;-1;370;"";"11"
1572;0;-1;"";"-1"
1573;0;-1;"-1";"-1"
1574;-1;200;"50%";"11"
1575;1460;240;"70%";"10"
1576;3240;280;"70%";"10"
1577;8100;320;"100%";"9"
1578;0;-1;"-1";"-1"
1579;0;120;"50%";"8"
1580;290;150;"50%";"8"
1581;1300;180;"70%";"7"
1582;2880;210;"70%";"7"
1583;7200;240;"100%";"6"
1584;0;264;"100%";"5"
1585;0;100;"50%";"10"
1586;280;130;"50%";"10"
1587;1260;160;"70%";"9"
1588;2800;190;"70%";"9"
1589;7000;220;"100%";"8"
1590;0;-1;"-1";"-1"
1591;0;200;"";"7"
1592;360;240;"";"7"
1593;1620;280;"";"6"
1594;3600;320;"";"6"
1595;9000;360;"";"5"
1596;0;400;"";"4"
1597;0;300;"50%";"13"
1598;240;340;"50%";"13"
1599;1080;380;"60%";"12"
1600;2400;420;"60%";"12"
1601;6000;460;"75%";"11"
1602;0;500;"75%";"10"
1603;0;168;"";"13"
1604;400;180;"";"13"
1605;1800;200;"";"12"
1606;4000;220;"";"12"
1607;10000;240;"";"11"
1608;0;-1;"";"-1"
1609;0;300;"";"9"
1610;480;340;"";"9"
1611;2160;380;"";"8"
1612;4800;420;"";"8"
1613;12000;460;"";"7"
1614;0;500;"";"6"
1615;0;360;"7";"25%"
1616;320;390;"7";"25%"
1617;1440;420;"6";"35%"
1618;3200;450;"6";"35%"
1619;8000;480;"5";"50%"
1620;0;500;"4";"50%"
1621;0;300;"8";"50%"
1622;440;350;"8";"50%"
1623;1980;400;"7";"70%"
1624;4400;450;"7";"70%"
1625;11000;500;"6";"100%"
1626;0;550;"5";"100%"
1627;0;420;"100%";"11"
1628;360;450;"100%";"11"
1629;1620;480;"120%";"10"
1630;3600;510;"120%";"10"
1631;9000;540;"150%";"9"
1632;0;589;"150%";"8"
1633;0;210;"50%";"8"
1634;380;250;"50%";"8"
1635;1730;290;"70%";"7"
1636;3840;330;"70%";"7"
1637;9600;370;"100%";"6"
1638;0;420;"100%";"5"
1639;0;100;"10%";"14"
1640;580;130;"20%";"14"
1641;2590;160;"30%";"13"
1642;5760;190;"40%";"13"
1643;14400;220;"50%";"12"
1644;0;240;"50%";"11"
1645;0;170;"50%";"11"
1646;430;210;"50%";"11"
1647;1940;250;"70%";"10"
1648;4320;290;"70%";"10"
1649;10800;330;"100%";"9"
1650;0;360;"100%";"8"
1651;0;220;"50%";"11"
1652;530;260;"50%";"11"
1653;2380;300;"60%";"10"
1654;5280;340;"60%";"10"
1655;13200;380;"75%";"9"
1656;0;440;"75%";"8"
1657;0;260;"";"9"
1658;430;310;"";"9"
1659;1940;360;"";"9"
1660;4320;410;"";"8"
1661;10800;460;"";"8"
1662;0;520;"";"8"
1663;0;220;"";"7"
1664;320;260;"";"7"
1665;1460;300;"";"7"
1666;3240;340;"";"6"
1667;8100;380;"";"6"
1668;0;440;"";"6"
1669;0;390;"50%";"8"
1670;290;430;"50%";"8"
1671;1300;470;"60%";"8"
1672;2880;510;"60%";"7"
1673;7200;550;"75%";"7"
1674;0;600;"75%";"7"
1675;0;240;"50%";"7"
1676;400;290;"50%";"7"
1677;1780;340;"75%";"7"
1678;3960;390;"75%";"6"
1679;9900;440;"100%";"6"
1680;0;480;"100%";"6"
1681;0;120;"100%";"8"
1682;400;140;"100%";"8"
1683;1780;160;"120%";"7"
1684;3960;180;"120%";"7"
1685;9900;200;"150%";"6"
1686;0;240;"150%";"5"
1687;0;130;"100%";"12"
1688;350;160;"100%";"12"
1689;1580;190;"120%";"11"
1690;3520;220;"120%";"11"
1691;8800;250;"150%";"10"
1692;0;264;"150%";"9"
1693;0;200;"";"11"
1694;530;240;"";"11"
1695;2380;280;"";"10"
1696;5280;320;"";"10"
1697;13200;360;"";"9"
1698;0;-1;"";"-1"
1699;0;150;"20%";"14"
1700;480;170;"20%";"14"
1701;-1;190;"25%";"13"
1702;4840;210;"25%";"13"
1703;12100;230;"30%";"12"
1704;0;-1;"-1";"-1"
1705;0;300;"50%";"12"
1706;580;340;"50%";"12"
1707;2590;380;"70%";"11"
1708;5760;420;"70%";"11"
1709;14400;460;"100%";"10"
1710;0;500;"100%";"9"
1711;0;220;"100%";"11"
1712;380;260;"100%";"11"
1713;1730;300;"120%";"10"
1714;3840;340;"120%";"10"
1715;9600;380;"150%";"9"
1716;0;-1;"";"-1"
1717;0;300;"";"12"
1718;530;340;"";"12"
1719;2380;380;"";"11"
1720;5280;420;"";"11"
1721;13200;460;"";"10"
1722;0;500;"";"9"
1723;0;108;"50%";"8"
1724;430;130;"50%";"8"
1725;1940;150;"70%";"7"
1726;4320;170;"70%";"7"
1727;10800;190;"100%";"6"
1728;0;216;"100%";"5"
1729;0;240;"";"11"
1730;430;290;"";"11"
1731;1940;340;"";"10"
1732;4320;390;"";"10"
1733;10800;440;"";"9"
1734;0;480;"";"8"
1735;0;300;"50%";"12"
1736;400;340;"50%";"12"
1737;1780;380;"60%";"11"
1738;3960;420;"60%";"11"
1739;9900;460;"75%";"10"
1740;0;500;"75%";"9"
1741;0;-1;"-1";"-1"
1742;-1;9;"7%";"14"
1743;-1;12;"8%";"13"
1744;3240;12;"9%";"13"
1745;8100;12;"10%";"12"
1746;0;-1;"-1";"-1"
1747;0;96;"50%";"8"
1748;290;120;"50%";"8"
1749;1300;140;"70%";"7"
1750;2880;160;"70%";"7"
1751;7200;180;"100%";"6"
1752;0;192;"100%";"5"
1753;0;200;"";"11"
1754;360;240;"";"11"
1755;1620;280;"";"10"
1756;3600;320;"";"10"
1757;9000;360;"";"9"
1758;0;-1;"";"-1"
1759;0;315;"50%";"14"
1760;440;370;"50%";"14"
1761;1980;420;"70%";"13"
1762;4400;470;"70%";"13"
1763;11000;520;"100%";"12"
1764;0;-1;"-1";"-1"
1765;0;120;"50%";"8"
1766;320;140;"50%";"8"
1767;1440;160;"70%";"7"
1768;3200;180;"70%";"7"
1769;8000;200;"100%";"6"
1770;0;240;"100%";"5"
1771;0;200;"50%";"11"
1772;480;240;"50%";"11"
1773;2160;280;"70%";"10"
1774;4800;320;"70%";"10"
1775;12000;360;"100%";"9"
1776;0;-1;"-1";"-1"
1777;0;330;"-1";"11"
1778;430;370;"50%";"11"
1779;1940;410;"60%";"10"
1780;4320;450;"60%";"10"
1781;10800;490;"75%";"9"
1782;0;550;"75%";"8"
1783;0;250;"50%";"5"
1784;380;300;"50%";"5"
1785;1730;350;"60%";"4"
1786;3840;400;"60%";"4"
1787;9600;450;"75%";"3"
1788;0;500;"75%";"2"
1789;0;200;"25%";"9"
1790;530;240;"25%";"9"
1791;2380;280;"30%";"8"
1792;5280;320;"30%";"8"
1793;13200;360;"35%";"7"
1794;0;400;"35%";"6"
1795;0;120;"10%";"8"
1796;580;120;"20%";"8"
1797;2590;140;"30%";"7"
1798;5760;160;"40%";"7"
1799;14400;180;"50%";"6"
1800;0;192;"50%";"5"
1801;0;180;"";"14"
1802;480;220;"";"14"
1803;2160;260;"";"13"
1804;4800;300;"";"13"
1805;12000;340;"";"12"
1806;0;360;"";"11"
1807;0;270;"50%";"14"
1808;320;310;"50%";"14"
1809;1440;350;"60%";"13"
1810;3200;390;"60%";"13"
1811;8000;430;"75%";"12"
1812;0;450;"75%";"11"
1813;0;110;"10%";"11"
1814;440;140;"20%";"11"
1815;1980;170;"30%";"10"
1816;4400;200;"40%";"10"
1817;11000;230;"50%";"9"
1818;0;240;"50%";"8"
1819;0;160;"20%";"11"
1820;320;200;"20%";"11"
1821;1620;240;"25%";"10"
1822;3600;280;"25%";"10"
1823;9000;320;"30%";"9"
1824;0;-1;"-1";"-1"
1825;0;180;"";"14"
1826;860;220;"";"14"
1827;3890;260;"";"13"
1828;8640;300;"";"13"
1829;21600;340;"";"12"
1830;0;-1;"";"-1"
1831;0;270;"50%";"14"
1832;790;310;"50%";"14"
1833;3560;350;"60%";"13"
1834;7920;390;"60%";"13"
1835;19800;430;"75%";"12"
1836;0;-1;"-1";"-1"
1837;0;110;"50%";"11"
1838;650;140;"50%";"11"
1839;2920;170;"70%";"10"
1840;6480;200;"70%";"10"
1841;16200;230;"100%";"9"
1842;0;-1;"-1";"-1"
1843;0;160;"50%";"11"
1844;580;200;"50%";"11"
1845;2590;240;"70%";"10"
1846;5760;280;"70%";"10"
1847;14400;320;"100%";"9"
1848;0;-1;"-1";"-1"
1849;0;210;"50%";"8"
1850;880;250;"50%";"8"
1851;3960;290;"75%";"7"
1852;8800;330;"75%";"7"
1853;22000;370;"100%";"6"
1854;0;420;"100%";"5"
1855;0;100;"50%";"14"
1856;720;130;"50%";"14"
1857;3240;160;"70%";"13"
1858;7200;190;"70%";"13"
1859;18000;220;"100%";"12"
1860;0;-1;"-1";"-1"
1861;0;170;"50%";"11"
1862;640;210;"50%";"11"
1863;2880;250;"70%";"10"
1864;6400;290;"70%";"10"
1865;16000;330;"100%";"9"
1866;0;-1;"-1";"-1"
1867;0;220;"50%";"11"
1868;960;260;"50%";"11"
1869;4320;300;"60%";"10"
1870;9600;340;"60%";"10"
1871;24000;380;"75%";"9"
1872;0;440;"75%";"8"
1873;0;300;"50%";"14"
1874;960;340;"50%";"14"
1875;4320;380;"70%";"13"
1876;9600;420;"70%";"13"
1877;24000;460;"100%";"12"
1878;0;500;"100%";"11"
1879;0;108;"50%";"8"
1880;880;130;"50%";"8"
1881;3960;150;"70%";"7"
1882;8800;170;"70%";"7"
1883;22000;190;"100%";"6"
1884;0;216;"100%";"5"
1885;0;300;"";"14"
1886;720;340;"";"14"
1887;3240;380;"";"13"
1888;7200;420;"";"13"
1889;18000;460;"";"12"
1890;0;-1;"";"-1"
1891;0;220;"100%";"11"
1892;640;260;"100%";"11"
1893;2880;300;"120%";"10"
1894;6400;340;"120%";"10"
1895;16000;380;"150%";"9"
1896;0;440;"150%";"8"
1897;0;180;"";"14"
1898;860;220;"";"14"
1899;3890;260;"";"13"
1900;8640;300;"";"13"
1901;21600;340;"";"12"
1902;0;-1;"";"-1"
1903;0;270;"50%";"14"
1904;790;310;"50%";"14"
1905;3560;350;"70%";"13"
1906;7920;390;"70%";"13"
1907;19800;430;"100%";"12"
1908;0;450;"100%";"11"
1909;0;110;"50%";"11"
1910;650;140;"50%";"11"
1911;2920;170;"70%";"10"
1912;6480;200;"70%";"10"
1913;16200;230;"100%";"9"
1914;0;240;"100%";"8"
1915;0;160;"50%";"11"
1916;580;200;"50%";"11"
1917;2590;240;"70%";"10"
1918;5760;280;"70%";"10"
1919;14400;320;"100%";"9"
1920;0;-1;"-1";"-1"
1921;0;260;"";"14"
1922;820;310;"";"14"
1923;3670;360;"";"13"
1924;8160;410;"";"13"
1925;20400;460;"";"12"
1926;0;-1;"";"-1"
1927;0;220;"20%";"11"
1928;750;260;"20%";"11"
1929;3370;300;"25%";"10"
1930;7480;340;"25%";"10"
1931;18700;380;"30%";"9"
1932;0;440;"30%";"8"
1933;0;390;"25%";"14"
1934;610;430;"25%";"14"
1935;2750;470;"30%";"13"
1936;6120;510;"30%";"13"
1937;15300;550;"35%";"12"
1938;0;-1;"-1";"-1"
1939;0;240;"10%";"12"
1940;540;290;"20%";"12"
1941;2450;340;"30%";"11"
1942;5440;390;"40%";"11"
1943;13600;440;"50%";"10"
1944;0;480;"50%";"9"
1945;0;120;"100%";"8"
1946;610;140;"100%";"8"
1947;2740;160;"120%";"7"
1948;6080;180;"120%";"7"
1949;15200;200;"150%";"6"
1950;0;240;"150%";"5"
1951;0;130;"100%";"12"
1952;840;160;"100%";"12"
1953;3760;190;"120%";"11"
1954;8360;220;"120%";"11"
1955;20900;250;"150%";"10"
1956;0;-1;"-1";"-1"
1957;0;200;"";"11"
1958;910;240;"";"11"
1959;4100;280;"";"10"
1960;9120;320;"";"10"
1961;22800;360;"";"9"
1962;0;-1;"";"-1"
1963;0;375;"10%";"14"
1964;680;430;"10%";"14"
1965;3080;480;"10%";"13"
1966;6840;530;"10%";"13"
1967;17100;580;"10%";"12"
1968;0;-1;"";"-1"
1969;0;210;"50%";"8"
1970;720;250;"50%";"8"
1971;3240;290;"70%";"7"
1972;7200;330;"70%";"7"
1973;18000;370;"100%";"6"
1974;0;-1;"-1";"-1"
1975;0;100;"50%";"14"
1976;880;130;"50%";"14"
1977;3960;160;"70%";"13"
1978;8800;190;"70%";"13"
1979;22000;220;"100%";"12"
1980;0;240;"100%";"11"
1981;0;170;"50%";"11"
1982;640;210;"50%";"11"
1983;2880;250;"70%";"10"
1984;6400;290;"70%";"10"
1985;16000;330;"100%";"9"
1986;0;360;"100%";"8"
1987;0;220;"50%";"11"
1988;960;260;"50%";"11"
1989;4320;300;"70%";"10"
1990;9600;340;"70%";"10"
1991;24000;380;"100%";"9"
1992;0;440;"100%";"8"
1993;0;9;"6%";"11"
1994;320;9;"7%";"11"
1995;1460;12;"8%";"10"
1996;3240;12;"9%";"10"
1997;8100;12;"10%";"9"
1998;0;12;"10%";"8"
1999;0;270;"20%";"11"
2000;290;310;"20%";"11"
2001;1300;350;"25%";"10"
2002;2880;390;"25%";"10"
2003;7200;430;"30%";"9"
2004;0;450;"30%";"8"
2005;0;220;"";"8"
2006;430;260;"";"8"
2007;1940;300;"";"7"
2008;4320;340;"";"7"
2009;10800;380;"";"6"
2010;0;-1;"";"-1"
2011;0;345;"50%";"10"
2012;400;390;"50%";"10"
2013;1780;440;"70%";"9"
2014;3960;490;"70%";"9"
2015;9900;540;"100%";"8"
2016;0;575;"100%";"7"
2017;0;120;"50%";"8"
2018;380;140;"50%";"8"
2019;1730;160;"70%";"7"
2020;3840;180;"70%";"7"
2021;9600;200;"100%";"6"
2022;0;-1;"-1";"-1"
2023;0;180;"50%";"8"
2024;530;220;"50%";"8"
2025;2380;260;"60%";"7"
2026;5280;300;"60%";"7"
2027;13200;340;"75%";"6"
2028;0;-1;"-1";"-1"
2029;0;300;"50%";"12"
2030;430;340;"50%";"12"
2031;1940;380;"75%";"11"
2032;4320;420;"75%";"11"
2033;10800;460;"100%";"10"
2034;0;-1;"-1";"-1"
2035;0;100;"10%";"14"
2036;580;130;"20%";"14"
2037;2590;160;"30%";"13"
2038;5760;190;"40%";"13"
2039;14400;220;"50%";"12"
2040;0;240;"50%";"11"
2041;0;200;"";"11"
2042;360;250;"";"11"
2043;1620;300;"";"10"
2044;3600;350;"";"10"
2045;9000;400;"";"9"
2046;0;440;"";"8"
2047;0;315;"50%";"14"
2048;440;380;"50%";"14"
2049;1980;440;"70%";"13"
2050;4400;500;"70%";"13"
2051;11000;560;"100%";"12"
2052;0;625;"100%";"11"
2053;0;120;"50%";"8"
2054;320;150;"50%";"8"
2055;1440;180;"70%";"7"
2056;3200;210;"70%";"7"
2057;8000;240;"100%";"6"
2058;0;264;"100%";"5"
2059;0;200;"50%";"11"
2060;480;250;"50%";"11"
2061;2160;300;"70%";"10"
2062;4800;350;"70%";"10"
2063;12000;400;"100%";"9"
2064;0;-1;"-1";"-1"
2065;0;100;"50%";"7"
2066;430;130;"50%";"7"
2067;1940;160;"60%";"6"
2068;4320;190;"60%";"6"
2069;10800;220;"75%";"5"
2070;0;240;"75%";"4"
2071;0;200;"50%";"13"
2072;340;240;"50%";"13"
2073;1510;280;"70%";"12"
2074;3360;320;"70%";"12"
2075;8400;360;"100%";"11"
2076;0;400;"100%";"10"
2077;0;170;"50%";"10"
2078;290;210;"50%";"10"
2079;1300;250;"60%";"9"
2080;2880;290;"60%";"9"
2081;7200;330;"75%";"8"
2082;0;-1;"-1";"-1"
2083;0;220;"";"10"
2084;480;260;"";"10"
2085;2160;300;"";"9"
2086;4800;340;"";"9"
2087;12000;380;"";"8"
2088;0;-1;"";"-1"
